site_size_ha,towers_required,guard_coverage_hrs_per_day,guard_coverage_days_per_week,deployment_weeks,guard_hours_per_week,tower_weekly_cost_gbp,guard_weekly_cost_gbp,tower_total_cost_gbp,guard_total_cost_gbp,total_saving_gbp,saving_pct,annual_equivalent_saving_gbp,tower_rate_gbp_per_week,guard_rate_gbp_per_hr,coverage_model,attribution
1,1,8,5,4,40,300,600,1200,2400,1200,50.0,15600,300,15,1 tower per 2ha,Fyrfly Systems Ltd — www.fyrflysystems.com/cctv-tower.html
1,1,8,5,8,40,300,600,2400,4800,2400,50.0,15600,300,15,1 tower per 2ha,Fyrfly Systems Ltd — www.fyrflysystems.com/cctv-tower.html
1,1,8,5,12,40,300,600,3600,7200,3600,50.0,15600,300,15,1 tower per 2ha,Fyrfly Systems Ltd — www.fyrflysystems.com/cctv-tower.html
1,1,8,5,26,40,300,600,7800,15600,7800,50.0,15600,300,15,1 tower per 2ha,Fyrfly Systems Ltd — www.fyrflysystems.com/cctv-tower.html
1,1,8,5,52,40,300,600,15600,31200,15600,50.0,15600,300,15,1 tower per 2ha,Fyrfly Systems Ltd — www.fyrflysystems.com/cctv-tower.html
1,1,8,6,4,48,300,720,1200,2880,1680,58.3,21840,300,15,1 tower per 2ha,Fyrfly Systems Ltd — www.fyrflysystems.com/cctv-tower.html
1,1,8,6,8,48,300,720,2400,5760,3360,58.3,21840,300,15,1 tower per 2ha,Fyrfly Systems Ltd — www.fyrflysystems.com/cctv-tower.html
1,1,8,6,12,48,300,720,3600,8640,5040,58.3,21840,300,15,1 tower per 2ha,Fyrfly Systems Ltd — www.fyrflysystems.com/cctv-tower.html
1,1,8,6,26,48,300,720,7800,18720,10920,58.3,21840,300,15,1 tower per 2ha,Fyrfly Systems Ltd — www.fyrflysystems.com/cctv-tower.html
1,1,8,6,52,48,300,720,15600,37440,21840,58.3,21840,300,15,1 tower per 2ha,Fyrfly Systems Ltd — www.fyrflysystems.com/cctv-tower.html
1,1,8,7,4,56,300,840,1200,3360,2160,64.3,28080,300,15,1 tower per 2ha,Fyrfly Systems Ltd — www.fyrflysystems.com/cctv-tower.html
1,1,8,7,8,56,300,840,2400,6720,4320,64.3,28080,300,15,1 tower per 2ha,Fyrfly Systems Ltd — www.fyrflysystems.com/cctv-tower.html
1,1,8,7,12,56,300,840,3600,10080,6480,64.3,28080,300,15,1 tower per 2ha,Fyrfly Systems Ltd — www.fyrflysystems.com/cctv-tower.html
1,1,8,7,26,56,300,840,7800,21840,14040,64.3,28080,300,15,1 tower per 2ha,Fyrfly Systems Ltd — www.fyrflysystems.com/cctv-tower.html
1,1,8,7,52,56,300,840,15600,43680,28080,64.3,28080,300,15,1 tower per 2ha,Fyrfly Systems Ltd — www.fyrflysystems.com/cctv-tower.html
1,1,12,5,4,60,300,900,1200,3600,2400,66.7,31200,300,15,1 tower per 2ha,Fyrfly Systems Ltd — www.fyrflysystems.com/cctv-tower.html
1,1,12,5,8,60,300,900,2400,7200,4800,66.7,31200,300,15,1 tower per 2ha,Fyrfly Systems Ltd — www.fyrflysystems.com/cctv-tower.html
1,1,12,5,12,60,300,900,3600,10800,7200,66.7,31200,300,15,1 tower per 2ha,Fyrfly Systems Ltd — www.fyrflysystems.com/cctv-tower.html
1,1,12,5,26,60,300,900,7800,23400,15600,66.7,31200,300,15,1 tower per 2ha,Fyrfly Systems Ltd — www.fyrflysystems.com/cctv-tower.html
1,1,12,5,52,60,300,900,15600,46800,31200,66.7,31200,300,15,1 tower per 2ha,Fyrfly Systems Ltd — www.fyrflysystems.com/cctv-tower.html
1,1,12,6,4,72,300,1080,1200,4320,3120,72.2,40560,300,15,1 tower per 2ha,Fyrfly Systems Ltd — www.fyrflysystems.com/cctv-tower.html
1,1,12,6,8,72,300,1080,2400,8640,6240,72.2,40560,300,15,1 tower per 2ha,Fyrfly Systems Ltd — www.fyrflysystems.com/cctv-tower.html
1,1,12,6,12,72,300,1080,3600,12960,9360,72.2,40560,300,15,1 tower per 2ha,Fyrfly Systems Ltd — www.fyrflysystems.com/cctv-tower.html
1,1,12,6,26,72,300,1080,7800,28080,20280,72.2,40560,300,15,1 tower per 2ha,Fyrfly Systems Ltd — www.fyrflysystems.com/cctv-tower.html
1,1,12,6,52,72,300,1080,15600,56160,40560,72.2,40560,300,15,1 tower per 2ha,Fyrfly Systems Ltd — www.fyrflysystems.com/cctv-tower.html
1,1,12,7,4,84,300,1260,1200,5040,3840,76.2,49920,300,15,1 tower per 2ha,Fyrfly Systems Ltd — www.fyrflysystems.com/cctv-tower.html
1,1,12,7,8,84,300,1260,2400,10080,7680,76.2,49920,300,15,1 tower per 2ha,Fyrfly Systems Ltd — www.fyrflysystems.com/cctv-tower.html
1,1,12,7,12,84,300,1260,3600,15120,11520,76.2,49920,300,15,1 tower per 2ha,Fyrfly Systems Ltd — www.fyrflysystems.com/cctv-tower.html
1,1,12,7,26,84,300,1260,7800,32760,24960,76.2,49920,300,15,1 tower per 2ha,Fyrfly Systems Ltd — www.fyrflysystems.com/cctv-tower.html
1,1,12,7,52,84,300,1260,15600,65520,49920,76.2,49920,300,15,1 tower per 2ha,Fyrfly Systems Ltd — www.fyrflysystems.com/cctv-tower.html
1,1,16,5,4,80,300,1200,1200,4800,3600,75.0,46800,300,15,1 tower per 2ha,Fyrfly Systems Ltd — www.fyrflysystems.com/cctv-tower.html
1,1,16,5,8,80,300,1200,2400,9600,7200,75.0,46800,300,15,1 tower per 2ha,Fyrfly Systems Ltd — www.fyrflysystems.com/cctv-tower.html
1,1,16,5,12,80,300,1200,3600,14400,10800,75.0,46800,300,15,1 tower per 2ha,Fyrfly Systems Ltd — www.fyrflysystems.com/cctv-tower.html
1,1,16,5,26,80,300,1200,7800,31200,23400,75.0,46800,300,15,1 tower per 2ha,Fyrfly Systems Ltd — www.fyrflysystems.com/cctv-tower.html
1,1,16,5,52,80,300,1200,15600,62400,46800,75.0,46800,300,15,1 tower per 2ha,Fyrfly Systems Ltd — www.fyrflysystems.com/cctv-tower.html
1,1,16,6,4,96,300,1440,1200,5760,4560,79.2,59280,300,15,1 tower per 2ha,Fyrfly Systems Ltd — www.fyrflysystems.com/cctv-tower.html
1,1,16,6,8,96,300,1440,2400,11520,9120,79.2,59280,300,15,1 tower per 2ha,Fyrfly Systems Ltd — www.fyrflysystems.com/cctv-tower.html
1,1,16,6,12,96,300,1440,3600,17280,13680,79.2,59280,300,15,1 tower per 2ha,Fyrfly Systems Ltd — www.fyrflysystems.com/cctv-tower.html
1,1,16,6,26,96,300,1440,7800,37440,29640,79.2,59280,300,15,1 tower per 2ha,Fyrfly Systems Ltd — www.fyrflysystems.com/cctv-tower.html
1,1,16,6,52,96,300,1440,15600,74880,59280,79.2,59280,300,15,1 tower per 2ha,Fyrfly Systems Ltd — www.fyrflysystems.com/cctv-tower.html
1,1,16,7,4,112,300,1680,1200,6720,5520,82.1,71760,300,15,1 tower per 2ha,Fyrfly Systems Ltd — www.fyrflysystems.com/cctv-tower.html
1,1,16,7,8,112,300,1680,2400,13440,11040,82.1,71760,300,15,1 tower per 2ha,Fyrfly Systems Ltd — www.fyrflysystems.com/cctv-tower.html
1,1,16,7,12,112,300,1680,3600,20160,16560,82.1,71760,300,15,1 tower per 2ha,Fyrfly Systems Ltd — www.fyrflysystems.com/cctv-tower.html
1,1,16,7,26,112,300,1680,7800,43680,35880,82.1,71760,300,15,1 tower per 2ha,Fyrfly Systems Ltd — www.fyrflysystems.com/cctv-tower.html
1,1,16,7,52,112,300,1680,15600,87360,71760,82.1,71760,300,15,1 tower per 2ha,Fyrfly Systems Ltd — www.fyrflysystems.com/cctv-tower.html
1,1,24,5,4,120,300,1800,1200,7200,6000,83.3,78000,300,15,1 tower per 2ha,Fyrfly Systems Ltd — www.fyrflysystems.com/cctv-tower.html
1,1,24,5,8,120,300,1800,2400,14400,12000,83.3,78000,300,15,1 tower per 2ha,Fyrfly Systems Ltd — www.fyrflysystems.com/cctv-tower.html
1,1,24,5,12,120,300,1800,3600,21600,18000,83.3,78000,300,15,1 tower per 2ha,Fyrfly Systems Ltd — www.fyrflysystems.com/cctv-tower.html
1,1,24,5,26,120,300,1800,7800,46800,39000,83.3,78000,300,15,1 tower per 2ha,Fyrfly Systems Ltd — www.fyrflysystems.com/cctv-tower.html
1,1,24,5,52,120,300,1800,15600,93600,78000,83.3,78000,300,15,1 tower per 2ha,Fyrfly Systems Ltd — www.fyrflysystems.com/cctv-tower.html
1,1,24,6,4,144,300,2160,1200,8640,7440,86.1,96720,300,15,1 tower per 2ha,Fyrfly Systems Ltd — www.fyrflysystems.com/cctv-tower.html
1,1,24,6,8,144,300,2160,2400,17280,14880,86.1,96720,300,15,1 tower per 2ha,Fyrfly Systems Ltd — www.fyrflysystems.com/cctv-tower.html
1,1,24,6,12,144,300,2160,3600,25920,22320,86.1,96720,300,15,1 tower per 2ha,Fyrfly Systems Ltd — www.fyrflysystems.com/cctv-tower.html
1,1,24,6,26,144,300,2160,7800,56160,48360,86.1,96720,300,15,1 tower per 2ha,Fyrfly Systems Ltd — www.fyrflysystems.com/cctv-tower.html
1,1,24,6,52,144,300,2160,15600,112320,96720,86.1,96720,300,15,1 tower per 2ha,Fyrfly Systems Ltd — www.fyrflysystems.com/cctv-tower.html
1,1,24,7,4,168,300,2520,1200,10080,8880,88.1,115440,300,15,1 tower per 2ha,Fyrfly Systems Ltd — www.fyrflysystems.com/cctv-tower.html
1,1,24,7,8,168,300,2520,2400,20160,17760,88.1,115440,300,15,1 tower per 2ha,Fyrfly Systems Ltd — www.fyrflysystems.com/cctv-tower.html
1,1,24,7,12,168,300,2520,3600,30240,26640,88.1,115440,300,15,1 tower per 2ha,Fyrfly Systems Ltd — www.fyrflysystems.com/cctv-tower.html
1,1,24,7,26,168,300,2520,7800,65520,57720,88.1,115440,300,15,1 tower per 2ha,Fyrfly Systems Ltd — www.fyrflysystems.com/cctv-tower.html
1,1,24,7,52,168,300,2520,15600,131040,115440,88.1,115440,300,15,1 tower per 2ha,Fyrfly Systems Ltd — www.fyrflysystems.com/cctv-tower.html
2,1,8,5,4,40,300,600,1200,2400,1200,50.0,15600,300,15,1 tower per 2ha,Fyrfly Systems Ltd — www.fyrflysystems.com/cctv-tower.html
2,1,8,5,8,40,300,600,2400,4800,2400,50.0,15600,300,15,1 tower per 2ha,Fyrfly Systems Ltd — www.fyrflysystems.com/cctv-tower.html
2,1,8,5,12,40,300,600,3600,7200,3600,50.0,15600,300,15,1 tower per 2ha,Fyrfly Systems Ltd — www.fyrflysystems.com/cctv-tower.html
2,1,8,5,26,40,300,600,7800,15600,7800,50.0,15600,300,15,1 tower per 2ha,Fyrfly Systems Ltd — www.fyrflysystems.com/cctv-tower.html
2,1,8,5,52,40,300,600,15600,31200,15600,50.0,15600,300,15,1 tower per 2ha,Fyrfly Systems Ltd — www.fyrflysystems.com/cctv-tower.html
2,1,8,6,4,48,300,720,1200,2880,1680,58.3,21840,300,15,1 tower per 2ha,Fyrfly Systems Ltd — www.fyrflysystems.com/cctv-tower.html
2,1,8,6,8,48,300,720,2400,5760,3360,58.3,21840,300,15,1 tower per 2ha,Fyrfly Systems Ltd — www.fyrflysystems.com/cctv-tower.html
2,1,8,6,12,48,300,720,3600,8640,5040,58.3,21840,300,15,1 tower per 2ha,Fyrfly Systems Ltd — www.fyrflysystems.com/cctv-tower.html
2,1,8,6,26,48,300,720,7800,18720,10920,58.3,21840,300,15,1 tower per 2ha,Fyrfly Systems Ltd — www.fyrflysystems.com/cctv-tower.html
2,1,8,6,52,48,300,720,15600,37440,21840,58.3,21840,300,15,1 tower per 2ha,Fyrfly Systems Ltd — www.fyrflysystems.com/cctv-tower.html
2,1,8,7,4,56,300,840,1200,3360,2160,64.3,28080,300,15,1 tower per 2ha,Fyrfly Systems Ltd — www.fyrflysystems.com/cctv-tower.html
2,1,8,7,8,56,300,840,2400,6720,4320,64.3,28080,300,15,1 tower per 2ha,Fyrfly Systems Ltd — www.fyrflysystems.com/cctv-tower.html
2,1,8,7,12,56,300,840,3600,10080,6480,64.3,28080,300,15,1 tower per 2ha,Fyrfly Systems Ltd — www.fyrflysystems.com/cctv-tower.html
2,1,8,7,26,56,300,840,7800,21840,14040,64.3,28080,300,15,1 tower per 2ha,Fyrfly Systems Ltd — www.fyrflysystems.com/cctv-tower.html
2,1,8,7,52,56,300,840,15600,43680,28080,64.3,28080,300,15,1 tower per 2ha,Fyrfly Systems Ltd — www.fyrflysystems.com/cctv-tower.html
2,1,12,5,4,60,300,900,1200,3600,2400,66.7,31200,300,15,1 tower per 2ha,Fyrfly Systems Ltd — www.fyrflysystems.com/cctv-tower.html
2,1,12,5,8,60,300,900,2400,7200,4800,66.7,31200,300,15,1 tower per 2ha,Fyrfly Systems Ltd — www.fyrflysystems.com/cctv-tower.html
2,1,12,5,12,60,300,900,3600,10800,7200,66.7,31200,300,15,1 tower per 2ha,Fyrfly Systems Ltd — www.fyrflysystems.com/cctv-tower.html
2,1,12,5,26,60,300,900,7800,23400,15600,66.7,31200,300,15,1 tower per 2ha,Fyrfly Systems Ltd — www.fyrflysystems.com/cctv-tower.html
2,1,12,5,52,60,300,900,15600,46800,31200,66.7,31200,300,15,1 tower per 2ha,Fyrfly Systems Ltd — www.fyrflysystems.com/cctv-tower.html
2,1,12,6,4,72,300,1080,1200,4320,3120,72.2,40560,300,15,1 tower per 2ha,Fyrfly Systems Ltd — www.fyrflysystems.com/cctv-tower.html
2,1,12,6,8,72,300,1080,2400,8640,6240,72.2,40560,300,15,1 tower per 2ha,Fyrfly Systems Ltd — www.fyrflysystems.com/cctv-tower.html
2,1,12,6,12,72,300,1080,3600,12960,9360,72.2,40560,300,15,1 tower per 2ha,Fyrfly Systems Ltd — www.fyrflysystems.com/cctv-tower.html
2,1,12,6,26,72,300,1080,7800,28080,20280,72.2,40560,300,15,1 tower per 2ha,Fyrfly Systems Ltd — www.fyrflysystems.com/cctv-tower.html
2,1,12,6,52,72,300,1080,15600,56160,40560,72.2,40560,300,15,1 tower per 2ha,Fyrfly Systems Ltd — www.fyrflysystems.com/cctv-tower.html
2,1,12,7,4,84,300,1260,1200,5040,3840,76.2,49920,300,15,1 tower per 2ha,Fyrfly Systems Ltd — www.fyrflysystems.com/cctv-tower.html
2,1,12,7,8,84,300,1260,2400,10080,7680,76.2,49920,300,15,1 tower per 2ha,Fyrfly Systems Ltd — www.fyrflysystems.com/cctv-tower.html
2,1,12,7,12,84,300,1260,3600,15120,11520,76.2,49920,300,15,1 tower per 2ha,Fyrfly Systems Ltd — www.fyrflysystems.com/cctv-tower.html
2,1,12,7,26,84,300,1260,7800,32760,24960,76.2,49920,300,15,1 tower per 2ha,Fyrfly Systems Ltd — www.fyrflysystems.com/cctv-tower.html
2,1,12,7,52,84,300,1260,15600,65520,49920,76.2,49920,300,15,1 tower per 2ha,Fyrfly Systems Ltd — www.fyrflysystems.com/cctv-tower.html
2,1,16,5,4,80,300,1200,1200,4800,3600,75.0,46800,300,15,1 tower per 2ha,Fyrfly Systems Ltd — www.fyrflysystems.com/cctv-tower.html
2,1,16,5,8,80,300,1200,2400,9600,7200,75.0,46800,300,15,1 tower per 2ha,Fyrfly Systems Ltd — www.fyrflysystems.com/cctv-tower.html
2,1,16,5,12,80,300,1200,3600,14400,10800,75.0,46800,300,15,1 tower per 2ha,Fyrfly Systems Ltd — www.fyrflysystems.com/cctv-tower.html
2,1,16,5,26,80,300,1200,7800,31200,23400,75.0,46800,300,15,1 tower per 2ha,Fyrfly Systems Ltd — www.fyrflysystems.com/cctv-tower.html
2,1,16,5,52,80,300,1200,15600,62400,46800,75.0,46800,300,15,1 tower per 2ha,Fyrfly Systems Ltd — www.fyrflysystems.com/cctv-tower.html
2,1,16,6,4,96,300,1440,1200,5760,4560,79.2,59280,300,15,1 tower per 2ha,Fyrfly Systems Ltd — www.fyrflysystems.com/cctv-tower.html
2,1,16,6,8,96,300,1440,2400,11520,9120,79.2,59280,300,15,1 tower per 2ha,Fyrfly Systems Ltd — www.fyrflysystems.com/cctv-tower.html
2,1,16,6,12,96,300,1440,3600,17280,13680,79.2,59280,300,15,1 tower per 2ha,Fyrfly Systems Ltd — www.fyrflysystems.com/cctv-tower.html
2,1,16,6,26,96,300,1440,7800,37440,29640,79.2,59280,300,15,1 tower per 2ha,Fyrfly Systems Ltd — www.fyrflysystems.com/cctv-tower.html
2,1,16,6,52,96,300,1440,15600,74880,59280,79.2,59280,300,15,1 tower per 2ha,Fyrfly Systems Ltd — www.fyrflysystems.com/cctv-tower.html
2,1,16,7,4,112,300,1680,1200,6720,5520,82.1,71760,300,15,1 tower per 2ha,Fyrfly Systems Ltd — www.fyrflysystems.com/cctv-tower.html
2,1,16,7,8,112,300,1680,2400,13440,11040,82.1,71760,300,15,1 tower per 2ha,Fyrfly Systems Ltd — www.fyrflysystems.com/cctv-tower.html
2,1,16,7,12,112,300,1680,3600,20160,16560,82.1,71760,300,15,1 tower per 2ha,Fyrfly Systems Ltd — www.fyrflysystems.com/cctv-tower.html
2,1,16,7,26,112,300,1680,7800,43680,35880,82.1,71760,300,15,1 tower per 2ha,Fyrfly Systems Ltd — www.fyrflysystems.com/cctv-tower.html
2,1,16,7,52,112,300,1680,15600,87360,71760,82.1,71760,300,15,1 tower per 2ha,Fyrfly Systems Ltd — www.fyrflysystems.com/cctv-tower.html
2,1,24,5,4,120,300,1800,1200,7200,6000,83.3,78000,300,15,1 tower per 2ha,Fyrfly Systems Ltd — www.fyrflysystems.com/cctv-tower.html
2,1,24,5,8,120,300,1800,2400,14400,12000,83.3,78000,300,15,1 tower per 2ha,Fyrfly Systems Ltd — www.fyrflysystems.com/cctv-tower.html
2,1,24,5,12,120,300,1800,3600,21600,18000,83.3,78000,300,15,1 tower per 2ha,Fyrfly Systems Ltd — www.fyrflysystems.com/cctv-tower.html
2,1,24,5,26,120,300,1800,7800,46800,39000,83.3,78000,300,15,1 tower per 2ha,Fyrfly Systems Ltd — www.fyrflysystems.com/cctv-tower.html
2,1,24,5,52,120,300,1800,15600,93600,78000,83.3,78000,300,15,1 tower per 2ha,Fyrfly Systems Ltd — www.fyrflysystems.com/cctv-tower.html
2,1,24,6,4,144,300,2160,1200,8640,7440,86.1,96720,300,15,1 tower per 2ha,Fyrfly Systems Ltd — www.fyrflysystems.com/cctv-tower.html
2,1,24,6,8,144,300,2160,2400,17280,14880,86.1,96720,300,15,1 tower per 2ha,Fyrfly Systems Ltd — www.fyrflysystems.com/cctv-tower.html
2,1,24,6,12,144,300,2160,3600,25920,22320,86.1,96720,300,15,1 tower per 2ha,Fyrfly Systems Ltd — www.fyrflysystems.com/cctv-tower.html
2,1,24,6,26,144,300,2160,7800,56160,48360,86.1,96720,300,15,1 tower per 2ha,Fyrfly Systems Ltd — www.fyrflysystems.com/cctv-tower.html
2,1,24,6,52,144,300,2160,15600,112320,96720,86.1,96720,300,15,1 tower per 2ha,Fyrfly Systems Ltd — www.fyrflysystems.com/cctv-tower.html
2,1,24,7,4,168,300,2520,1200,10080,8880,88.1,115440,300,15,1 tower per 2ha,Fyrfly Systems Ltd — www.fyrflysystems.com/cctv-tower.html
2,1,24,7,8,168,300,2520,2400,20160,17760,88.1,115440,300,15,1 tower per 2ha,Fyrfly Systems Ltd — www.fyrflysystems.com/cctv-tower.html
2,1,24,7,12,168,300,2520,3600,30240,26640,88.1,115440,300,15,1 tower per 2ha,Fyrfly Systems Ltd — www.fyrflysystems.com/cctv-tower.html
2,1,24,7,26,168,300,2520,7800,65520,57720,88.1,115440,300,15,1 tower per 2ha,Fyrfly Systems Ltd — www.fyrflysystems.com/cctv-tower.html
2,1,24,7,52,168,300,2520,15600,131040,115440,88.1,115440,300,15,1 tower per 2ha,Fyrfly Systems Ltd — www.fyrflysystems.com/cctv-tower.html
4,2,8,5,4,80,600,1200,2400,4800,2400,50.0,31200,300,15,1 tower per 2ha,Fyrfly Systems Ltd — www.fyrflysystems.com/cctv-tower.html
4,2,8,5,8,80,600,1200,4800,9600,4800,50.0,31200,300,15,1 tower per 2ha,Fyrfly Systems Ltd — www.fyrflysystems.com/cctv-tower.html
4,2,8,5,12,80,600,1200,7200,14400,7200,50.0,31200,300,15,1 tower per 2ha,Fyrfly Systems Ltd — www.fyrflysystems.com/cctv-tower.html
4,2,8,5,26,80,600,1200,15600,31200,15600,50.0,31200,300,15,1 tower per 2ha,Fyrfly Systems Ltd — www.fyrflysystems.com/cctv-tower.html
4,2,8,5,52,80,600,1200,31200,62400,31200,50.0,31200,300,15,1 tower per 2ha,Fyrfly Systems Ltd — www.fyrflysystems.com/cctv-tower.html
4,2,8,6,4,96,600,1440,2400,5760,3360,58.3,43680,300,15,1 tower per 2ha,Fyrfly Systems Ltd — www.fyrflysystems.com/cctv-tower.html
4,2,8,6,8,96,600,1440,4800,11520,6720,58.3,43680,300,15,1 tower per 2ha,Fyrfly Systems Ltd — www.fyrflysystems.com/cctv-tower.html
4,2,8,6,12,96,600,1440,7200,17280,10080,58.3,43680,300,15,1 tower per 2ha,Fyrfly Systems Ltd — www.fyrflysystems.com/cctv-tower.html
4,2,8,6,26,96,600,1440,15600,37440,21840,58.3,43680,300,15,1 tower per 2ha,Fyrfly Systems Ltd — www.fyrflysystems.com/cctv-tower.html
4,2,8,6,52,96,600,1440,31200,74880,43680,58.3,43680,300,15,1 tower per 2ha,Fyrfly Systems Ltd — www.fyrflysystems.com/cctv-tower.html
4,2,8,7,4,112,600,1680,2400,6720,4320,64.3,56160,300,15,1 tower per 2ha,Fyrfly Systems Ltd — www.fyrflysystems.com/cctv-tower.html
4,2,8,7,8,112,600,1680,4800,13440,8640,64.3,56160,300,15,1 tower per 2ha,Fyrfly Systems Ltd — www.fyrflysystems.com/cctv-tower.html
4,2,8,7,12,112,600,1680,7200,20160,12960,64.3,56160,300,15,1 tower per 2ha,Fyrfly Systems Ltd — www.fyrflysystems.com/cctv-tower.html
4,2,8,7,26,112,600,1680,15600,43680,28080,64.3,56160,300,15,1 tower per 2ha,Fyrfly Systems Ltd — www.fyrflysystems.com/cctv-tower.html
4,2,8,7,52,112,600,1680,31200,87360,56160,64.3,56160,300,15,1 tower per 2ha,Fyrfly Systems Ltd — www.fyrflysystems.com/cctv-tower.html
4,2,12,5,4,120,600,1800,2400,7200,4800,66.7,62400,300,15,1 tower per 2ha,Fyrfly Systems Ltd — www.fyrflysystems.com/cctv-tower.html
4,2,12,5,8,120,600,1800,4800,14400,9600,66.7,62400,300,15,1 tower per 2ha,Fyrfly Systems Ltd — www.fyrflysystems.com/cctv-tower.html
4,2,12,5,12,120,600,1800,7200,21600,14400,66.7,62400,300,15,1 tower per 2ha,Fyrfly Systems Ltd — www.fyrflysystems.com/cctv-tower.html
4,2,12,5,26,120,600,1800,15600,46800,31200,66.7,62400,300,15,1 tower per 2ha,Fyrfly Systems Ltd — www.fyrflysystems.com/cctv-tower.html
4,2,12,5,52,120,600,1800,31200,93600,62400,66.7,62400,300,15,1 tower per 2ha,Fyrfly Systems Ltd — www.fyrflysystems.com/cctv-tower.html
4,2,12,6,4,144,600,2160,2400,8640,6240,72.2,81120,300,15,1 tower per 2ha,Fyrfly Systems Ltd — www.fyrflysystems.com/cctv-tower.html
4,2,12,6,8,144,600,2160,4800,17280,12480,72.2,81120,300,15,1 tower per 2ha,Fyrfly Systems Ltd — www.fyrflysystems.com/cctv-tower.html
4,2,12,6,12,144,600,2160,7200,25920,18720,72.2,81120,300,15,1 tower per 2ha,Fyrfly Systems Ltd — www.fyrflysystems.com/cctv-tower.html
4,2,12,6,26,144,600,2160,15600,56160,40560,72.2,81120,300,15,1 tower per 2ha,Fyrfly Systems Ltd — www.fyrflysystems.com/cctv-tower.html
4,2,12,6,52,144,600,2160,31200,112320,81120,72.2,81120,300,15,1 tower per 2ha,Fyrfly Systems Ltd — www.fyrflysystems.com/cctv-tower.html
4,2,12,7,4,168,600,2520,2400,10080,7680,76.2,99840,300,15,1 tower per 2ha,Fyrfly Systems Ltd — www.fyrflysystems.com/cctv-tower.html
4,2,12,7,8,168,600,2520,4800,20160,15360,76.2,99840,300,15,1 tower per 2ha,Fyrfly Systems Ltd — www.fyrflysystems.com/cctv-tower.html
4,2,12,7,12,168,600,2520,7200,30240,23040,76.2,99840,300,15,1 tower per 2ha,Fyrfly Systems Ltd — www.fyrflysystems.com/cctv-tower.html
4,2,12,7,26,168,600,2520,15600,65520,49920,76.2,99840,300,15,1 tower per 2ha,Fyrfly Systems Ltd — www.fyrflysystems.com/cctv-tower.html
4,2,12,7,52,168,600,2520,31200,131040,99840,76.2,99840,300,15,1 tower per 2ha,Fyrfly Systems Ltd — www.fyrflysystems.com/cctv-tower.html
4,2,16,5,4,160,600,2400,2400,9600,7200,75.0,93600,300,15,1 tower per 2ha,Fyrfly Systems Ltd — www.fyrflysystems.com/cctv-tower.html
4,2,16,5,8,160,600,2400,4800,19200,14400,75.0,93600,300,15,1 tower per 2ha,Fyrfly Systems Ltd — www.fyrflysystems.com/cctv-tower.html
4,2,16,5,12,160,600,2400,7200,28800,21600,75.0,93600,300,15,1 tower per 2ha,Fyrfly Systems Ltd — www.fyrflysystems.com/cctv-tower.html
4,2,16,5,26,160,600,2400,15600,62400,46800,75.0,93600,300,15,1 tower per 2ha,Fyrfly Systems Ltd — www.fyrflysystems.com/cctv-tower.html
4,2,16,5,52,160,600,2400,31200,124800,93600,75.0,93600,300,15,1 tower per 2ha,Fyrfly Systems Ltd — www.fyrflysystems.com/cctv-tower.html
4,2,16,6,4,192,600,2880,2400,11520,9120,79.2,118560,300,15,1 tower per 2ha,Fyrfly Systems Ltd — www.fyrflysystems.com/cctv-tower.html
4,2,16,6,8,192,600,2880,4800,23040,18240,79.2,118560,300,15,1 tower per 2ha,Fyrfly Systems Ltd — www.fyrflysystems.com/cctv-tower.html
4,2,16,6,12,192,600,2880,7200,34560,27360,79.2,118560,300,15,1 tower per 2ha,Fyrfly Systems Ltd — www.fyrflysystems.com/cctv-tower.html
4,2,16,6,26,192,600,2880,15600,74880,59280,79.2,118560,300,15,1 tower per 2ha,Fyrfly Systems Ltd — www.fyrflysystems.com/cctv-tower.html
4,2,16,6,52,192,600,2880,31200,149760,118560,79.2,118560,300,15,1 tower per 2ha,Fyrfly Systems Ltd — www.fyrflysystems.com/cctv-tower.html
4,2,16,7,4,224,600,3360,2400,13440,11040,82.1,143520,300,15,1 tower per 2ha,Fyrfly Systems Ltd — www.fyrflysystems.com/cctv-tower.html
4,2,16,7,8,224,600,3360,4800,26880,22080,82.1,143520,300,15,1 tower per 2ha,Fyrfly Systems Ltd — www.fyrflysystems.com/cctv-tower.html
4,2,16,7,12,224,600,3360,7200,40320,33120,82.1,143520,300,15,1 tower per 2ha,Fyrfly Systems Ltd — www.fyrflysystems.com/cctv-tower.html
4,2,16,7,26,224,600,3360,15600,87360,71760,82.1,143520,300,15,1 tower per 2ha,Fyrfly Systems Ltd — www.fyrflysystems.com/cctv-tower.html
4,2,16,7,52,224,600,3360,31200,174720,143520,82.1,143520,300,15,1 tower per 2ha,Fyrfly Systems Ltd — www.fyrflysystems.com/cctv-tower.html
4,2,24,5,4,240,600,3600,2400,14400,12000,83.3,156000,300,15,1 tower per 2ha,Fyrfly Systems Ltd — www.fyrflysystems.com/cctv-tower.html
4,2,24,5,8,240,600,3600,4800,28800,24000,83.3,156000,300,15,1 tower per 2ha,Fyrfly Systems Ltd — www.fyrflysystems.com/cctv-tower.html
4,2,24,5,12,240,600,3600,7200,43200,36000,83.3,156000,300,15,1 tower per 2ha,Fyrfly Systems Ltd — www.fyrflysystems.com/cctv-tower.html
4,2,24,5,26,240,600,3600,15600,93600,78000,83.3,156000,300,15,1 tower per 2ha,Fyrfly Systems Ltd — www.fyrflysystems.com/cctv-tower.html
4,2,24,5,52,240,600,3600,31200,187200,156000,83.3,156000,300,15,1 tower per 2ha,Fyrfly Systems Ltd — www.fyrflysystems.com/cctv-tower.html
4,2,24,6,4,288,600,4320,2400,17280,14880,86.1,193440,300,15,1 tower per 2ha,Fyrfly Systems Ltd — www.fyrflysystems.com/cctv-tower.html
4,2,24,6,8,288,600,4320,4800,34560,29760,86.1,193440,300,15,1 tower per 2ha,Fyrfly Systems Ltd — www.fyrflysystems.com/cctv-tower.html
4,2,24,6,12,288,600,4320,7200,51840,44640,86.1,193440,300,15,1 tower per 2ha,Fyrfly Systems Ltd — www.fyrflysystems.com/cctv-tower.html
4,2,24,6,26,288,600,4320,15600,112320,96720,86.1,193440,300,15,1 tower per 2ha,Fyrfly Systems Ltd — www.fyrflysystems.com/cctv-tower.html
4,2,24,6,52,288,600,4320,31200,224640,193440,86.1,193440,300,15,1 tower per 2ha,Fyrfly Systems Ltd — www.fyrflysystems.com/cctv-tower.html
4,2,24,7,4,336,600,5040,2400,20160,17760,88.1,230880,300,15,1 tower per 2ha,Fyrfly Systems Ltd — www.fyrflysystems.com/cctv-tower.html
4,2,24,7,8,336,600,5040,4800,40320,35520,88.1,230880,300,15,1 tower per 2ha,Fyrfly Systems Ltd — www.fyrflysystems.com/cctv-tower.html
4,2,24,7,12,336,600,5040,7200,60480,53280,88.1,230880,300,15,1 tower per 2ha,Fyrfly Systems Ltd — www.fyrflysystems.com/cctv-tower.html
4,2,24,7,26,336,600,5040,15600,131040,115440,88.1,230880,300,15,1 tower per 2ha,Fyrfly Systems Ltd — www.fyrflysystems.com/cctv-tower.html
4,2,24,7,52,336,600,5040,31200,262080,230880,88.1,230880,300,15,1 tower per 2ha,Fyrfly Systems Ltd — www.fyrflysystems.com/cctv-tower.html
6,3,8,5,4,120,900,1800,3600,7200,3600,50.0,46800,300,15,1 tower per 2ha,Fyrfly Systems Ltd — www.fyrflysystems.com/cctv-tower.html
6,3,8,5,8,120,900,1800,7200,14400,7200,50.0,46800,300,15,1 tower per 2ha,Fyrfly Systems Ltd — www.fyrflysystems.com/cctv-tower.html
6,3,8,5,12,120,900,1800,10800,21600,10800,50.0,46800,300,15,1 tower per 2ha,Fyrfly Systems Ltd — www.fyrflysystems.com/cctv-tower.html
6,3,8,5,26,120,900,1800,23400,46800,23400,50.0,46800,300,15,1 tower per 2ha,Fyrfly Systems Ltd — www.fyrflysystems.com/cctv-tower.html
6,3,8,5,52,120,900,1800,46800,93600,46800,50.0,46800,300,15,1 tower per 2ha,Fyrfly Systems Ltd — www.fyrflysystems.com/cctv-tower.html
6,3,8,6,4,144,900,2160,3600,8640,5040,58.3,65520,300,15,1 tower per 2ha,Fyrfly Systems Ltd — www.fyrflysystems.com/cctv-tower.html
6,3,8,6,8,144,900,2160,7200,17280,10080,58.3,65520,300,15,1 tower per 2ha,Fyrfly Systems Ltd — www.fyrflysystems.com/cctv-tower.html
6,3,8,6,12,144,900,2160,10800,25920,15120,58.3,65520,300,15,1 tower per 2ha,Fyrfly Systems Ltd — www.fyrflysystems.com/cctv-tower.html
6,3,8,6,26,144,900,2160,23400,56160,32760,58.3,65520,300,15,1 tower per 2ha,Fyrfly Systems Ltd — www.fyrflysystems.com/cctv-tower.html
6,3,8,6,52,144,900,2160,46800,112320,65520,58.3,65520,300,15,1 tower per 2ha,Fyrfly Systems Ltd — www.fyrflysystems.com/cctv-tower.html
6,3,8,7,4,168,900,2520,3600,10080,6480,64.3,84240,300,15,1 tower per 2ha,Fyrfly Systems Ltd — www.fyrflysystems.com/cctv-tower.html
6,3,8,7,8,168,900,2520,7200,20160,12960,64.3,84240,300,15,1 tower per 2ha,Fyrfly Systems Ltd — www.fyrflysystems.com/cctv-tower.html
6,3,8,7,12,168,900,2520,10800,30240,19440,64.3,84240,300,15,1 tower per 2ha,Fyrfly Systems Ltd — www.fyrflysystems.com/cctv-tower.html
6,3,8,7,26,168,900,2520,23400,65520,42120,64.3,84240,300,15,1 tower per 2ha,Fyrfly Systems Ltd — www.fyrflysystems.com/cctv-tower.html
6,3,8,7,52,168,900,2520,46800,131040,84240,64.3,84240,300,15,1 tower per 2ha,Fyrfly Systems Ltd — www.fyrflysystems.com/cctv-tower.html
6,3,12,5,4,180,900,2700,3600,10800,7200,66.7,93600,300,15,1 tower per 2ha,Fyrfly Systems Ltd — www.fyrflysystems.com/cctv-tower.html
6,3,12,5,8,180,900,2700,7200,21600,14400,66.7,93600,300,15,1 tower per 2ha,Fyrfly Systems Ltd — www.fyrflysystems.com/cctv-tower.html
6,3,12,5,12,180,900,2700,10800,32400,21600,66.7,93600,300,15,1 tower per 2ha,Fyrfly Systems Ltd — www.fyrflysystems.com/cctv-tower.html
6,3,12,5,26,180,900,2700,23400,70200,46800,66.7,93600,300,15,1 tower per 2ha,Fyrfly Systems Ltd — www.fyrflysystems.com/cctv-tower.html
6,3,12,5,52,180,900,2700,46800,140400,93600,66.7,93600,300,15,1 tower per 2ha,Fyrfly Systems Ltd — www.fyrflysystems.com/cctv-tower.html
6,3,12,6,4,216,900,3240,3600,12960,9360,72.2,121680,300,15,1 tower per 2ha,Fyrfly Systems Ltd — www.fyrflysystems.com/cctv-tower.html
6,3,12,6,8,216,900,3240,7200,25920,18720,72.2,121680,300,15,1 tower per 2ha,Fyrfly Systems Ltd — www.fyrflysystems.com/cctv-tower.html
6,3,12,6,12,216,900,3240,10800,38880,28080,72.2,121680,300,15,1 tower per 2ha,Fyrfly Systems Ltd — www.fyrflysystems.com/cctv-tower.html
6,3,12,6,26,216,900,3240,23400,84240,60840,72.2,121680,300,15,1 tower per 2ha,Fyrfly Systems Ltd — www.fyrflysystems.com/cctv-tower.html
6,3,12,6,52,216,900,3240,46800,168480,121680,72.2,121680,300,15,1 tower per 2ha,Fyrfly Systems Ltd — www.fyrflysystems.com/cctv-tower.html
6,3,12,7,4,252,900,3780,3600,15120,11520,76.2,149760,300,15,1 tower per 2ha,Fyrfly Systems Ltd — www.fyrflysystems.com/cctv-tower.html
6,3,12,7,8,252,900,3780,7200,30240,23040,76.2,149760,300,15,1 tower per 2ha,Fyrfly Systems Ltd — www.fyrflysystems.com/cctv-tower.html
6,3,12,7,12,252,900,3780,10800,45360,34560,76.2,149760,300,15,1 tower per 2ha,Fyrfly Systems Ltd — www.fyrflysystems.com/cctv-tower.html
6,3,12,7,26,252,900,3780,23400,98280,74880,76.2,149760,300,15,1 tower per 2ha,Fyrfly Systems Ltd — www.fyrflysystems.com/cctv-tower.html
6,3,12,7,52,252,900,3780,46800,196560,149760,76.2,149760,300,15,1 tower per 2ha,Fyrfly Systems Ltd — www.fyrflysystems.com/cctv-tower.html
6,3,16,5,4,240,900,3600,3600,14400,10800,75.0,140400,300,15,1 tower per 2ha,Fyrfly Systems Ltd — www.fyrflysystems.com/cctv-tower.html
6,3,16,5,8,240,900,3600,7200,28800,21600,75.0,140400,300,15,1 tower per 2ha,Fyrfly Systems Ltd — www.fyrflysystems.com/cctv-tower.html
6,3,16,5,12,240,900,3600,10800,43200,32400,75.0,140400,300,15,1 tower per 2ha,Fyrfly Systems Ltd — www.fyrflysystems.com/cctv-tower.html
6,3,16,5,26,240,900,3600,23400,93600,70200,75.0,140400,300,15,1 tower per 2ha,Fyrfly Systems Ltd — www.fyrflysystems.com/cctv-tower.html
6,3,16,5,52,240,900,3600,46800,187200,140400,75.0,140400,300,15,1 tower per 2ha,Fyrfly Systems Ltd — www.fyrflysystems.com/cctv-tower.html
6,3,16,6,4,288,900,4320,3600,17280,13680,79.2,177840,300,15,1 tower per 2ha,Fyrfly Systems Ltd — www.fyrflysystems.com/cctv-tower.html
6,3,16,6,8,288,900,4320,7200,34560,27360,79.2,177840,300,15,1 tower per 2ha,Fyrfly Systems Ltd — www.fyrflysystems.com/cctv-tower.html
6,3,16,6,12,288,900,4320,10800,51840,41040,79.2,177840,300,15,1 tower per 2ha,Fyrfly Systems Ltd — www.fyrflysystems.com/cctv-tower.html
6,3,16,6,26,288,900,4320,23400,112320,88920,79.2,177840,300,15,1 tower per 2ha,Fyrfly Systems Ltd — www.fyrflysystems.com/cctv-tower.html
6,3,16,6,52,288,900,4320,46800,224640,177840,79.2,177840,300,15,1 tower per 2ha,Fyrfly Systems Ltd — www.fyrflysystems.com/cctv-tower.html
6,3,16,7,4,336,900,5040,3600,20160,16560,82.1,215280,300,15,1 tower per 2ha,Fyrfly Systems Ltd — www.fyrflysystems.com/cctv-tower.html
6,3,16,7,8,336,900,5040,7200,40320,33120,82.1,215280,300,15,1 tower per 2ha,Fyrfly Systems Ltd — www.fyrflysystems.com/cctv-tower.html
6,3,16,7,12,336,900,5040,10800,60480,49680,82.1,215280,300,15,1 tower per 2ha,Fyrfly Systems Ltd — www.fyrflysystems.com/cctv-tower.html
6,3,16,7,26,336,900,5040,23400,131040,107640,82.1,215280,300,15,1 tower per 2ha,Fyrfly Systems Ltd — www.fyrflysystems.com/cctv-tower.html
6,3,16,7,52,336,900,5040,46800,262080,215280,82.1,215280,300,15,1 tower per 2ha,Fyrfly Systems Ltd — www.fyrflysystems.com/cctv-tower.html
6,3,24,5,4,360,900,5400,3600,21600,18000,83.3,234000,300,15,1 tower per 2ha,Fyrfly Systems Ltd — www.fyrflysystems.com/cctv-tower.html
6,3,24,5,8,360,900,5400,7200,43200,36000,83.3,234000,300,15,1 tower per 2ha,Fyrfly Systems Ltd — www.fyrflysystems.com/cctv-tower.html
6,3,24,5,12,360,900,5400,10800,64800,54000,83.3,234000,300,15,1 tower per 2ha,Fyrfly Systems Ltd — www.fyrflysystems.com/cctv-tower.html
6,3,24,5,26,360,900,5400,23400,140400,117000,83.3,234000,300,15,1 tower per 2ha,Fyrfly Systems Ltd — www.fyrflysystems.com/cctv-tower.html
6,3,24,5,52,360,900,5400,46800,280800,234000,83.3,234000,300,15,1 tower per 2ha,Fyrfly Systems Ltd — www.fyrflysystems.com/cctv-tower.html
6,3,24,6,4,432,900,6480,3600,25920,22320,86.1,290160,300,15,1 tower per 2ha,Fyrfly Systems Ltd — www.fyrflysystems.com/cctv-tower.html
6,3,24,6,8,432,900,6480,7200,51840,44640,86.1,290160,300,15,1 tower per 2ha,Fyrfly Systems Ltd — www.fyrflysystems.com/cctv-tower.html
6,3,24,6,12,432,900,6480,10800,77760,66960,86.1,290160,300,15,1 tower per 2ha,Fyrfly Systems Ltd — www.fyrflysystems.com/cctv-tower.html
6,3,24,6,26,432,900,6480,23400,168480,145080,86.1,290160,300,15,1 tower per 2ha,Fyrfly Systems Ltd — www.fyrflysystems.com/cctv-tower.html
6,3,24,6,52,432,900,6480,46800,336960,290160,86.1,290160,300,15,1 tower per 2ha,Fyrfly Systems Ltd — www.fyrflysystems.com/cctv-tower.html
6,3,24,7,4,504,900,7560,3600,30240,26640,88.1,346320,300,15,1 tower per 2ha,Fyrfly Systems Ltd — www.fyrflysystems.com/cctv-tower.html
6,3,24,7,8,504,900,7560,7200,60480,53280,88.1,346320,300,15,1 tower per 2ha,Fyrfly Systems Ltd — www.fyrflysystems.com/cctv-tower.html
6,3,24,7,12,504,900,7560,10800,90720,79920,88.1,346320,300,15,1 tower per 2ha,Fyrfly Systems Ltd — www.fyrflysystems.com/cctv-tower.html
6,3,24,7,26,504,900,7560,23400,196560,173160,88.1,346320,300,15,1 tower per 2ha,Fyrfly Systems Ltd — www.fyrflysystems.com/cctv-tower.html
6,3,24,7,52,504,900,7560,46800,393120,346320,88.1,346320,300,15,1 tower per 2ha,Fyrfly Systems Ltd — www.fyrflysystems.com/cctv-tower.html
8,4,8,5,4,160,1200,2400,4800,9600,4800,50.0,62400,300,15,1 tower per 2ha,Fyrfly Systems Ltd — www.fyrflysystems.com/cctv-tower.html
8,4,8,5,8,160,1200,2400,9600,19200,9600,50.0,62400,300,15,1 tower per 2ha,Fyrfly Systems Ltd — www.fyrflysystems.com/cctv-tower.html
8,4,8,5,12,160,1200,2400,14400,28800,14400,50.0,62400,300,15,1 tower per 2ha,Fyrfly Systems Ltd — www.fyrflysystems.com/cctv-tower.html
8,4,8,5,26,160,1200,2400,31200,62400,31200,50.0,62400,300,15,1 tower per 2ha,Fyrfly Systems Ltd — www.fyrflysystems.com/cctv-tower.html
8,4,8,5,52,160,1200,2400,62400,124800,62400,50.0,62400,300,15,1 tower per 2ha,Fyrfly Systems Ltd — www.fyrflysystems.com/cctv-tower.html
8,4,8,6,4,192,1200,2880,4800,11520,6720,58.3,87360,300,15,1 tower per 2ha,Fyrfly Systems Ltd — www.fyrflysystems.com/cctv-tower.html
8,4,8,6,8,192,1200,2880,9600,23040,13440,58.3,87360,300,15,1 tower per 2ha,Fyrfly Systems Ltd — www.fyrflysystems.com/cctv-tower.html
8,4,8,6,12,192,1200,2880,14400,34560,20160,58.3,87360,300,15,1 tower per 2ha,Fyrfly Systems Ltd — www.fyrflysystems.com/cctv-tower.html
8,4,8,6,26,192,1200,2880,31200,74880,43680,58.3,87360,300,15,1 tower per 2ha,Fyrfly Systems Ltd — www.fyrflysystems.com/cctv-tower.html
8,4,8,6,52,192,1200,2880,62400,149760,87360,58.3,87360,300,15,1 tower per 2ha,Fyrfly Systems Ltd — www.fyrflysystems.com/cctv-tower.html
8,4,8,7,4,224,1200,3360,4800,13440,8640,64.3,112320,300,15,1 tower per 2ha,Fyrfly Systems Ltd — www.fyrflysystems.com/cctv-tower.html
8,4,8,7,8,224,1200,3360,9600,26880,17280,64.3,112320,300,15,1 tower per 2ha,Fyrfly Systems Ltd — www.fyrflysystems.com/cctv-tower.html
8,4,8,7,12,224,1200,3360,14400,40320,25920,64.3,112320,300,15,1 tower per 2ha,Fyrfly Systems Ltd — www.fyrflysystems.com/cctv-tower.html
8,4,8,7,26,224,1200,3360,31200,87360,56160,64.3,112320,300,15,1 tower per 2ha,Fyrfly Systems Ltd — www.fyrflysystems.com/cctv-tower.html
8,4,8,7,52,224,1200,3360,62400,174720,112320,64.3,112320,300,15,1 tower per 2ha,Fyrfly Systems Ltd — www.fyrflysystems.com/cctv-tower.html
8,4,12,5,4,240,1200,3600,4800,14400,9600,66.7,124800,300,15,1 tower per 2ha,Fyrfly Systems Ltd — www.fyrflysystems.com/cctv-tower.html
8,4,12,5,8,240,1200,3600,9600,28800,19200,66.7,124800,300,15,1 tower per 2ha,Fyrfly Systems Ltd — www.fyrflysystems.com/cctv-tower.html
8,4,12,5,12,240,1200,3600,14400,43200,28800,66.7,124800,300,15,1 tower per 2ha,Fyrfly Systems Ltd — www.fyrflysystems.com/cctv-tower.html
8,4,12,5,26,240,1200,3600,31200,93600,62400,66.7,124800,300,15,1 tower per 2ha,Fyrfly Systems Ltd — www.fyrflysystems.com/cctv-tower.html
8,4,12,5,52,240,1200,3600,62400,187200,124800,66.7,124800,300,15,1 tower per 2ha,Fyrfly Systems Ltd — www.fyrflysystems.com/cctv-tower.html
8,4,12,6,4,288,1200,4320,4800,17280,12480,72.2,162240,300,15,1 tower per 2ha,Fyrfly Systems Ltd — www.fyrflysystems.com/cctv-tower.html
8,4,12,6,8,288,1200,4320,9600,34560,24960,72.2,162240,300,15,1 tower per 2ha,Fyrfly Systems Ltd — www.fyrflysystems.com/cctv-tower.html
8,4,12,6,12,288,1200,4320,14400,51840,37440,72.2,162240,300,15,1 tower per 2ha,Fyrfly Systems Ltd — www.fyrflysystems.com/cctv-tower.html
8,4,12,6,26,288,1200,4320,31200,112320,81120,72.2,162240,300,15,1 tower per 2ha,Fyrfly Systems Ltd — www.fyrflysystems.com/cctv-tower.html
8,4,12,6,52,288,1200,4320,62400,224640,162240,72.2,162240,300,15,1 tower per 2ha,Fyrfly Systems Ltd — www.fyrflysystems.com/cctv-tower.html
8,4,12,7,4,336,1200,5040,4800,20160,15360,76.2,199680,300,15,1 tower per 2ha,Fyrfly Systems Ltd — www.fyrflysystems.com/cctv-tower.html
8,4,12,7,8,336,1200,5040,9600,40320,30720,76.2,199680,300,15,1 tower per 2ha,Fyrfly Systems Ltd — www.fyrflysystems.com/cctv-tower.html
8,4,12,7,12,336,1200,5040,14400,60480,46080,76.2,199680,300,15,1 tower per 2ha,Fyrfly Systems Ltd — www.fyrflysystems.com/cctv-tower.html
8,4,12,7,26,336,1200,5040,31200,131040,99840,76.2,199680,300,15,1 tower per 2ha,Fyrfly Systems Ltd — www.fyrflysystems.com/cctv-tower.html
8,4,12,7,52,336,1200,5040,62400,262080,199680,76.2,199680,300,15,1 tower per 2ha,Fyrfly Systems Ltd — www.fyrflysystems.com/cctv-tower.html
8,4,16,5,4,320,1200,4800,4800,19200,14400,75.0,187200,300,15,1 tower per 2ha,Fyrfly Systems Ltd — www.fyrflysystems.com/cctv-tower.html
8,4,16,5,8,320,1200,4800,9600,38400,28800,75.0,187200,300,15,1 tower per 2ha,Fyrfly Systems Ltd — www.fyrflysystems.com/cctv-tower.html
8,4,16,5,12,320,1200,4800,14400,57600,43200,75.0,187200,300,15,1 tower per 2ha,Fyrfly Systems Ltd — www.fyrflysystems.com/cctv-tower.html
8,4,16,5,26,320,1200,4800,31200,124800,93600,75.0,187200,300,15,1 tower per 2ha,Fyrfly Systems Ltd — www.fyrflysystems.com/cctv-tower.html
8,4,16,5,52,320,1200,4800,62400,249600,187200,75.0,187200,300,15,1 tower per 2ha,Fyrfly Systems Ltd — www.fyrflysystems.com/cctv-tower.html
8,4,16,6,4,384,1200,5760,4800,23040,18240,79.2,237120,300,15,1 tower per 2ha,Fyrfly Systems Ltd — www.fyrflysystems.com/cctv-tower.html
8,4,16,6,8,384,1200,5760,9600,46080,36480,79.2,237120,300,15,1 tower per 2ha,Fyrfly Systems Ltd — www.fyrflysystems.com/cctv-tower.html
8,4,16,6,12,384,1200,5760,14400,69120,54720,79.2,237120,300,15,1 tower per 2ha,Fyrfly Systems Ltd — www.fyrflysystems.com/cctv-tower.html
8,4,16,6,26,384,1200,5760,31200,149760,118560,79.2,237120,300,15,1 tower per 2ha,Fyrfly Systems Ltd — www.fyrflysystems.com/cctv-tower.html
8,4,16,6,52,384,1200,5760,62400,299520,237120,79.2,237120,300,15,1 tower per 2ha,Fyrfly Systems Ltd — www.fyrflysystems.com/cctv-tower.html
8,4,16,7,4,448,1200,6720,4800,26880,22080,82.1,287040,300,15,1 tower per 2ha,Fyrfly Systems Ltd — www.fyrflysystems.com/cctv-tower.html
8,4,16,7,8,448,1200,6720,9600,53760,44160,82.1,287040,300,15,1 tower per 2ha,Fyrfly Systems Ltd — www.fyrflysystems.com/cctv-tower.html
8,4,16,7,12,448,1200,6720,14400,80640,66240,82.1,287040,300,15,1 tower per 2ha,Fyrfly Systems Ltd — www.fyrflysystems.com/cctv-tower.html
8,4,16,7,26,448,1200,6720,31200,174720,143520,82.1,287040,300,15,1 tower per 2ha,Fyrfly Systems Ltd — www.fyrflysystems.com/cctv-tower.html
8,4,16,7,52,448,1200,6720,62400,349440,287040,82.1,287040,300,15,1 tower per 2ha,Fyrfly Systems Ltd — www.fyrflysystems.com/cctv-tower.html
8,4,24,5,4,480,1200,7200,4800,28800,24000,83.3,312000,300,15,1 tower per 2ha,Fyrfly Systems Ltd — www.fyrflysystems.com/cctv-tower.html
8,4,24,5,8,480,1200,7200,9600,57600,48000,83.3,312000,300,15,1 tower per 2ha,Fyrfly Systems Ltd — www.fyrflysystems.com/cctv-tower.html
8,4,24,5,12,480,1200,7200,14400,86400,72000,83.3,312000,300,15,1 tower per 2ha,Fyrfly Systems Ltd — www.fyrflysystems.com/cctv-tower.html
8,4,24,5,26,480,1200,7200,31200,187200,156000,83.3,312000,300,15,1 tower per 2ha,Fyrfly Systems Ltd — www.fyrflysystems.com/cctv-tower.html
8,4,24,5,52,480,1200,7200,62400,374400,312000,83.3,312000,300,15,1 tower per 2ha,Fyrfly Systems Ltd — www.fyrflysystems.com/cctv-tower.html
8,4,24,6,4,576,1200,8640,4800,34560,29760,86.1,386880,300,15,1 tower per 2ha,Fyrfly Systems Ltd — www.fyrflysystems.com/cctv-tower.html
8,4,24,6,8,576,1200,8640,9600,69120,59520,86.1,386880,300,15,1 tower per 2ha,Fyrfly Systems Ltd — www.fyrflysystems.com/cctv-tower.html
8,4,24,6,12,576,1200,8640,14400,103680,89280,86.1,386880,300,15,1 tower per 2ha,Fyrfly Systems Ltd — www.fyrflysystems.com/cctv-tower.html
8,4,24,6,26,576,1200,8640,31200,224640,193440,86.1,386880,300,15,1 tower per 2ha,Fyrfly Systems Ltd — www.fyrflysystems.com/cctv-tower.html
8,4,24,6,52,576,1200,8640,62400,449280,386880,86.1,386880,300,15,1 tower per 2ha,Fyrfly Systems Ltd — www.fyrflysystems.com/cctv-tower.html
8,4,24,7,4,672,1200,10080,4800,40320,35520,88.1,461760,300,15,1 tower per 2ha,Fyrfly Systems Ltd — www.fyrflysystems.com/cctv-tower.html
8,4,24,7,8,672,1200,10080,9600,80640,71040,88.1,461760,300,15,1 tower per 2ha,Fyrfly Systems Ltd — www.fyrflysystems.com/cctv-tower.html
8,4,24,7,12,672,1200,10080,14400,120960,106560,88.1,461760,300,15,1 tower per 2ha,Fyrfly Systems Ltd — www.fyrflysystems.com/cctv-tower.html
8,4,24,7,26,672,1200,10080,31200,262080,230880,88.1,461760,300,15,1 tower per 2ha,Fyrfly Systems Ltd — www.fyrflysystems.com/cctv-tower.html
8,4,24,7,52,672,1200,10080,62400,524160,461760,88.1,461760,300,15,1 tower per 2ha,Fyrfly Systems Ltd — www.fyrflysystems.com/cctv-tower.html
12,6,8,5,4,240,1800,3600,7200,14400,7200,50.0,93600,300,15,1 tower per 2ha,Fyrfly Systems Ltd — www.fyrflysystems.com/cctv-tower.html
12,6,8,5,8,240,1800,3600,14400,28800,14400,50.0,93600,300,15,1 tower per 2ha,Fyrfly Systems Ltd — www.fyrflysystems.com/cctv-tower.html
12,6,8,5,12,240,1800,3600,21600,43200,21600,50.0,93600,300,15,1 tower per 2ha,Fyrfly Systems Ltd — www.fyrflysystems.com/cctv-tower.html
12,6,8,5,26,240,1800,3600,46800,93600,46800,50.0,93600,300,15,1 tower per 2ha,Fyrfly Systems Ltd — www.fyrflysystems.com/cctv-tower.html
12,6,8,5,52,240,1800,3600,93600,187200,93600,50.0,93600,300,15,1 tower per 2ha,Fyrfly Systems Ltd — www.fyrflysystems.com/cctv-tower.html
12,6,8,6,4,288,1800,4320,7200,17280,10080,58.3,131040,300,15,1 tower per 2ha,Fyrfly Systems Ltd — www.fyrflysystems.com/cctv-tower.html
12,6,8,6,8,288,1800,4320,14400,34560,20160,58.3,131040,300,15,1 tower per 2ha,Fyrfly Systems Ltd — www.fyrflysystems.com/cctv-tower.html
12,6,8,6,12,288,1800,4320,21600,51840,30240,58.3,131040,300,15,1 tower per 2ha,Fyrfly Systems Ltd — www.fyrflysystems.com/cctv-tower.html
12,6,8,6,26,288,1800,4320,46800,112320,65520,58.3,131040,300,15,1 tower per 2ha,Fyrfly Systems Ltd — www.fyrflysystems.com/cctv-tower.html
12,6,8,6,52,288,1800,4320,93600,224640,131040,58.3,131040,300,15,1 tower per 2ha,Fyrfly Systems Ltd — www.fyrflysystems.com/cctv-tower.html
12,6,8,7,4,336,1800,5040,7200,20160,12960,64.3,168480,300,15,1 tower per 2ha,Fyrfly Systems Ltd — www.fyrflysystems.com/cctv-tower.html
12,6,8,7,8,336,1800,5040,14400,40320,25920,64.3,168480,300,15,1 tower per 2ha,Fyrfly Systems Ltd — www.fyrflysystems.com/cctv-tower.html
12,6,8,7,12,336,1800,5040,21600,60480,38880,64.3,168480,300,15,1 tower per 2ha,Fyrfly Systems Ltd — www.fyrflysystems.com/cctv-tower.html
12,6,8,7,26,336,1800,5040,46800,131040,84240,64.3,168480,300,15,1 tower per 2ha,Fyrfly Systems Ltd — www.fyrflysystems.com/cctv-tower.html
12,6,8,7,52,336,1800,5040,93600,262080,168480,64.3,168480,300,15,1 tower per 2ha,Fyrfly Systems Ltd — www.fyrflysystems.com/cctv-tower.html
12,6,12,5,4,360,1800,5400,7200,21600,14400,66.7,187200,300,15,1 tower per 2ha,Fyrfly Systems Ltd — www.fyrflysystems.com/cctv-tower.html
12,6,12,5,8,360,1800,5400,14400,43200,28800,66.7,187200,300,15,1 tower per 2ha,Fyrfly Systems Ltd — www.fyrflysystems.com/cctv-tower.html
12,6,12,5,12,360,1800,5400,21600,64800,43200,66.7,187200,300,15,1 tower per 2ha,Fyrfly Systems Ltd — www.fyrflysystems.com/cctv-tower.html
12,6,12,5,26,360,1800,5400,46800,140400,93600,66.7,187200,300,15,1 tower per 2ha,Fyrfly Systems Ltd — www.fyrflysystems.com/cctv-tower.html
12,6,12,5,52,360,1800,5400,93600,280800,187200,66.7,187200,300,15,1 tower per 2ha,Fyrfly Systems Ltd — www.fyrflysystems.com/cctv-tower.html
12,6,12,6,4,432,1800,6480,7200,25920,18720,72.2,243360,300,15,1 tower per 2ha,Fyrfly Systems Ltd — www.fyrflysystems.com/cctv-tower.html
12,6,12,6,8,432,1800,6480,14400,51840,37440,72.2,243360,300,15,1 tower per 2ha,Fyrfly Systems Ltd — www.fyrflysystems.com/cctv-tower.html
12,6,12,6,12,432,1800,6480,21600,77760,56160,72.2,243360,300,15,1 tower per 2ha,Fyrfly Systems Ltd — www.fyrflysystems.com/cctv-tower.html
12,6,12,6,26,432,1800,6480,46800,168480,121680,72.2,243360,300,15,1 tower per 2ha,Fyrfly Systems Ltd — www.fyrflysystems.com/cctv-tower.html
12,6,12,6,52,432,1800,6480,93600,336960,243360,72.2,243360,300,15,1 tower per 2ha,Fyrfly Systems Ltd — www.fyrflysystems.com/cctv-tower.html
12,6,12,7,4,504,1800,7560,7200,30240,23040,76.2,299520,300,15,1 tower per 2ha,Fyrfly Systems Ltd — www.fyrflysystems.com/cctv-tower.html
12,6,12,7,8,504,1800,7560,14400,60480,46080,76.2,299520,300,15,1 tower per 2ha,Fyrfly Systems Ltd — www.fyrflysystems.com/cctv-tower.html
12,6,12,7,12,504,1800,7560,21600,90720,69120,76.2,299520,300,15,1 tower per 2ha,Fyrfly Systems Ltd — www.fyrflysystems.com/cctv-tower.html
12,6,12,7,26,504,1800,7560,46800,196560,149760,76.2,299520,300,15,1 tower per 2ha,Fyrfly Systems Ltd — www.fyrflysystems.com/cctv-tower.html
12,6,12,7,52,504,1800,7560,93600,393120,299520,76.2,299520,300,15,1 tower per 2ha,Fyrfly Systems Ltd — www.fyrflysystems.com/cctv-tower.html
12,6,16,5,4,480,1800,7200,7200,28800,21600,75.0,280800,300,15,1 tower per 2ha,Fyrfly Systems Ltd — www.fyrflysystems.com/cctv-tower.html
12,6,16,5,8,480,1800,7200,14400,57600,43200,75.0,280800,300,15,1 tower per 2ha,Fyrfly Systems Ltd — www.fyrflysystems.com/cctv-tower.html
12,6,16,5,12,480,1800,7200,21600,86400,64800,75.0,280800,300,15,1 tower per 2ha,Fyrfly Systems Ltd — www.fyrflysystems.com/cctv-tower.html
12,6,16,5,26,480,1800,7200,46800,187200,140400,75.0,280800,300,15,1 tower per 2ha,Fyrfly Systems Ltd — www.fyrflysystems.com/cctv-tower.html
12,6,16,5,52,480,1800,7200,93600,374400,280800,75.0,280800,300,15,1 tower per 2ha,Fyrfly Systems Ltd — www.fyrflysystems.com/cctv-tower.html
12,6,16,6,4,576,1800,8640,7200,34560,27360,79.2,355680,300,15,1 tower per 2ha,Fyrfly Systems Ltd — www.fyrflysystems.com/cctv-tower.html
12,6,16,6,8,576,1800,8640,14400,69120,54720,79.2,355680,300,15,1 tower per 2ha,Fyrfly Systems Ltd — www.fyrflysystems.com/cctv-tower.html
12,6,16,6,12,576,1800,8640,21600,103680,82080,79.2,355680,300,15,1 tower per 2ha,Fyrfly Systems Ltd — www.fyrflysystems.com/cctv-tower.html
12,6,16,6,26,576,1800,8640,46800,224640,177840,79.2,355680,300,15,1 tower per 2ha,Fyrfly Systems Ltd — www.fyrflysystems.com/cctv-tower.html
12,6,16,6,52,576,1800,8640,93600,449280,355680,79.2,355680,300,15,1 tower per 2ha,Fyrfly Systems Ltd — www.fyrflysystems.com/cctv-tower.html
12,6,16,7,4,672,1800,10080,7200,40320,33120,82.1,430560,300,15,1 tower per 2ha,Fyrfly Systems Ltd — www.fyrflysystems.com/cctv-tower.html
12,6,16,7,8,672,1800,10080,14400,80640,66240,82.1,430560,300,15,1 tower per 2ha,Fyrfly Systems Ltd — www.fyrflysystems.com/cctv-tower.html
12,6,16,7,12,672,1800,10080,21600,120960,99360,82.1,430560,300,15,1 tower per 2ha,Fyrfly Systems Ltd — www.fyrflysystems.com/cctv-tower.html
12,6,16,7,26,672,1800,10080,46800,262080,215280,82.1,430560,300,15,1 tower per 2ha,Fyrfly Systems Ltd — www.fyrflysystems.com/cctv-tower.html
12,6,16,7,52,672,1800,10080,93600,524160,430560,82.1,430560,300,15,1 tower per 2ha,Fyrfly Systems Ltd — www.fyrflysystems.com/cctv-tower.html
12,6,24,5,4,720,1800,10800,7200,43200,36000,83.3,468000,300,15,1 tower per 2ha,Fyrfly Systems Ltd — www.fyrflysystems.com/cctv-tower.html
12,6,24,5,8,720,1800,10800,14400,86400,72000,83.3,468000,300,15,1 tower per 2ha,Fyrfly Systems Ltd — www.fyrflysystems.com/cctv-tower.html
12,6,24,5,12,720,1800,10800,21600,129600,108000,83.3,468000,300,15,1 tower per 2ha,Fyrfly Systems Ltd — www.fyrflysystems.com/cctv-tower.html
12,6,24,5,26,720,1800,10800,46800,280800,234000,83.3,468000,300,15,1 tower per 2ha,Fyrfly Systems Ltd — www.fyrflysystems.com/cctv-tower.html
12,6,24,5,52,720,1800,10800,93600,561600,468000,83.3,468000,300,15,1 tower per 2ha,Fyrfly Systems Ltd — www.fyrflysystems.com/cctv-tower.html
12,6,24,6,4,864,1800,12960,7200,51840,44640,86.1,580320,300,15,1 tower per 2ha,Fyrfly Systems Ltd — www.fyrflysystems.com/cctv-tower.html
12,6,24,6,8,864,1800,12960,14400,103680,89280,86.1,580320,300,15,1 tower per 2ha,Fyrfly Systems Ltd — www.fyrflysystems.com/cctv-tower.html
12,6,24,6,12,864,1800,12960,21600,155520,133920,86.1,580320,300,15,1 tower per 2ha,Fyrfly Systems Ltd — www.fyrflysystems.com/cctv-tower.html
12,6,24,6,26,864,1800,12960,46800,336960,290160,86.1,580320,300,15,1 tower per 2ha,Fyrfly Systems Ltd — www.fyrflysystems.com/cctv-tower.html
12,6,24,6,52,864,1800,12960,93600,673920,580320,86.1,580320,300,15,1 tower per 2ha,Fyrfly Systems Ltd — www.fyrflysystems.com/cctv-tower.html
12,6,24,7,4,1008,1800,15120,7200,60480,53280,88.1,692640,300,15,1 tower per 2ha,Fyrfly Systems Ltd — www.fyrflysystems.com/cctv-tower.html
12,6,24,7,8,1008,1800,15120,14400,120960,106560,88.1,692640,300,15,1 tower per 2ha,Fyrfly Systems Ltd — www.fyrflysystems.com/cctv-tower.html
12,6,24,7,12,1008,1800,15120,21600,181440,159840,88.1,692640,300,15,1 tower per 2ha,Fyrfly Systems Ltd — www.fyrflysystems.com/cctv-tower.html
12,6,24,7,26,1008,1800,15120,46800,393120,346320,88.1,692640,300,15,1 tower per 2ha,Fyrfly Systems Ltd — www.fyrflysystems.com/cctv-tower.html
12,6,24,7,52,1008,1800,15120,93600,786240,692640,88.1,692640,300,15,1 tower per 2ha,Fyrfly Systems Ltd — www.fyrflysystems.com/cctv-tower.html
16,8,8,5,4,320,2400,4800,9600,19200,9600,50.0,124800,300,15,1 tower per 2ha,Fyrfly Systems Ltd — www.fyrflysystems.com/cctv-tower.html
16,8,8,5,8,320,2400,4800,19200,38400,19200,50.0,124800,300,15,1 tower per 2ha,Fyrfly Systems Ltd — www.fyrflysystems.com/cctv-tower.html
16,8,8,5,12,320,2400,4800,28800,57600,28800,50.0,124800,300,15,1 tower per 2ha,Fyrfly Systems Ltd — www.fyrflysystems.com/cctv-tower.html
16,8,8,5,26,320,2400,4800,62400,124800,62400,50.0,124800,300,15,1 tower per 2ha,Fyrfly Systems Ltd — www.fyrflysystems.com/cctv-tower.html
16,8,8,5,52,320,2400,4800,124800,249600,124800,50.0,124800,300,15,1 tower per 2ha,Fyrfly Systems Ltd — www.fyrflysystems.com/cctv-tower.html
16,8,8,6,4,384,2400,5760,9600,23040,13440,58.3,174720,300,15,1 tower per 2ha,Fyrfly Systems Ltd — www.fyrflysystems.com/cctv-tower.html
16,8,8,6,8,384,2400,5760,19200,46080,26880,58.3,174720,300,15,1 tower per 2ha,Fyrfly Systems Ltd — www.fyrflysystems.com/cctv-tower.html
16,8,8,6,12,384,2400,5760,28800,69120,40320,58.3,174720,300,15,1 tower per 2ha,Fyrfly Systems Ltd — www.fyrflysystems.com/cctv-tower.html
16,8,8,6,26,384,2400,5760,62400,149760,87360,58.3,174720,300,15,1 tower per 2ha,Fyrfly Systems Ltd — www.fyrflysystems.com/cctv-tower.html
16,8,8,6,52,384,2400,5760,124800,299520,174720,58.3,174720,300,15,1 tower per 2ha,Fyrfly Systems Ltd — www.fyrflysystems.com/cctv-tower.html
16,8,8,7,4,448,2400,6720,9600,26880,17280,64.3,224640,300,15,1 tower per 2ha,Fyrfly Systems Ltd — www.fyrflysystems.com/cctv-tower.html
16,8,8,7,8,448,2400,6720,19200,53760,34560,64.3,224640,300,15,1 tower per 2ha,Fyrfly Systems Ltd — www.fyrflysystems.com/cctv-tower.html
16,8,8,7,12,448,2400,6720,28800,80640,51840,64.3,224640,300,15,1 tower per 2ha,Fyrfly Systems Ltd — www.fyrflysystems.com/cctv-tower.html
16,8,8,7,26,448,2400,6720,62400,174720,112320,64.3,224640,300,15,1 tower per 2ha,Fyrfly Systems Ltd — www.fyrflysystems.com/cctv-tower.html
16,8,8,7,52,448,2400,6720,124800,349440,224640,64.3,224640,300,15,1 tower per 2ha,Fyrfly Systems Ltd — www.fyrflysystems.com/cctv-tower.html
16,8,12,5,4,480,2400,7200,9600,28800,19200,66.7,249600,300,15,1 tower per 2ha,Fyrfly Systems Ltd — www.fyrflysystems.com/cctv-tower.html
16,8,12,5,8,480,2400,7200,19200,57600,38400,66.7,249600,300,15,1 tower per 2ha,Fyrfly Systems Ltd — www.fyrflysystems.com/cctv-tower.html
16,8,12,5,12,480,2400,7200,28800,86400,57600,66.7,249600,300,15,1 tower per 2ha,Fyrfly Systems Ltd — www.fyrflysystems.com/cctv-tower.html
16,8,12,5,26,480,2400,7200,62400,187200,124800,66.7,249600,300,15,1 tower per 2ha,Fyrfly Systems Ltd — www.fyrflysystems.com/cctv-tower.html
16,8,12,5,52,480,2400,7200,124800,374400,249600,66.7,249600,300,15,1 tower per 2ha,Fyrfly Systems Ltd — www.fyrflysystems.com/cctv-tower.html
16,8,12,6,4,576,2400,8640,9600,34560,24960,72.2,324480,300,15,1 tower per 2ha,Fyrfly Systems Ltd — www.fyrflysystems.com/cctv-tower.html
16,8,12,6,8,576,2400,8640,19200,69120,49920,72.2,324480,300,15,1 tower per 2ha,Fyrfly Systems Ltd — www.fyrflysystems.com/cctv-tower.html
16,8,12,6,12,576,2400,8640,28800,103680,74880,72.2,324480,300,15,1 tower per 2ha,Fyrfly Systems Ltd — www.fyrflysystems.com/cctv-tower.html
16,8,12,6,26,576,2400,8640,62400,224640,162240,72.2,324480,300,15,1 tower per 2ha,Fyrfly Systems Ltd — www.fyrflysystems.com/cctv-tower.html
16,8,12,6,52,576,2400,8640,124800,449280,324480,72.2,324480,300,15,1 tower per 2ha,Fyrfly Systems Ltd — www.fyrflysystems.com/cctv-tower.html
16,8,12,7,4,672,2400,10080,9600,40320,30720,76.2,399360,300,15,1 tower per 2ha,Fyrfly Systems Ltd — www.fyrflysystems.com/cctv-tower.html
16,8,12,7,8,672,2400,10080,19200,80640,61440,76.2,399360,300,15,1 tower per 2ha,Fyrfly Systems Ltd — www.fyrflysystems.com/cctv-tower.html
16,8,12,7,12,672,2400,10080,28800,120960,92160,76.2,399360,300,15,1 tower per 2ha,Fyrfly Systems Ltd — www.fyrflysystems.com/cctv-tower.html
16,8,12,7,26,672,2400,10080,62400,262080,199680,76.2,399360,300,15,1 tower per 2ha,Fyrfly Systems Ltd — www.fyrflysystems.com/cctv-tower.html
16,8,12,7,52,672,2400,10080,124800,524160,399360,76.2,399360,300,15,1 tower per 2ha,Fyrfly Systems Ltd — www.fyrflysystems.com/cctv-tower.html
16,8,16,5,4,640,2400,9600,9600,38400,28800,75.0,374400,300,15,1 tower per 2ha,Fyrfly Systems Ltd — www.fyrflysystems.com/cctv-tower.html
16,8,16,5,8,640,2400,9600,19200,76800,57600,75.0,374400,300,15,1 tower per 2ha,Fyrfly Systems Ltd — www.fyrflysystems.com/cctv-tower.html
16,8,16,5,12,640,2400,9600,28800,115200,86400,75.0,374400,300,15,1 tower per 2ha,Fyrfly Systems Ltd — www.fyrflysystems.com/cctv-tower.html
16,8,16,5,26,640,2400,9600,62400,249600,187200,75.0,374400,300,15,1 tower per 2ha,Fyrfly Systems Ltd — www.fyrflysystems.com/cctv-tower.html
16,8,16,5,52,640,2400,9600,124800,499200,374400,75.0,374400,300,15,1 tower per 2ha,Fyrfly Systems Ltd — www.fyrflysystems.com/cctv-tower.html
16,8,16,6,4,768,2400,11520,9600,46080,36480,79.2,474240,300,15,1 tower per 2ha,Fyrfly Systems Ltd — www.fyrflysystems.com/cctv-tower.html
16,8,16,6,8,768,2400,11520,19200,92160,72960,79.2,474240,300,15,1 tower per 2ha,Fyrfly Systems Ltd — www.fyrflysystems.com/cctv-tower.html
16,8,16,6,12,768,2400,11520,28800,138240,109440,79.2,474240,300,15,1 tower per 2ha,Fyrfly Systems Ltd — www.fyrflysystems.com/cctv-tower.html
16,8,16,6,26,768,2400,11520,62400,299520,237120,79.2,474240,300,15,1 tower per 2ha,Fyrfly Systems Ltd — www.fyrflysystems.com/cctv-tower.html
16,8,16,6,52,768,2400,11520,124800,599040,474240,79.2,474240,300,15,1 tower per 2ha,Fyrfly Systems Ltd — www.fyrflysystems.com/cctv-tower.html
16,8,16,7,4,896,2400,13440,9600,53760,44160,82.1,574080,300,15,1 tower per 2ha,Fyrfly Systems Ltd — www.fyrflysystems.com/cctv-tower.html
16,8,16,7,8,896,2400,13440,19200,107520,88320,82.1,574080,300,15,1 tower per 2ha,Fyrfly Systems Ltd — www.fyrflysystems.com/cctv-tower.html
16,8,16,7,12,896,2400,13440,28800,161280,132480,82.1,574080,300,15,1 tower per 2ha,Fyrfly Systems Ltd — www.fyrflysystems.com/cctv-tower.html
16,8,16,7,26,896,2400,13440,62400,349440,287040,82.1,574080,300,15,1 tower per 2ha,Fyrfly Systems Ltd — www.fyrflysystems.com/cctv-tower.html
16,8,16,7,52,896,2400,13440,124800,698880,574080,82.1,574080,300,15,1 tower per 2ha,Fyrfly Systems Ltd — www.fyrflysystems.com/cctv-tower.html
16,8,24,5,4,960,2400,14400,9600,57600,48000,83.3,624000,300,15,1 tower per 2ha,Fyrfly Systems Ltd — www.fyrflysystems.com/cctv-tower.html
16,8,24,5,8,960,2400,14400,19200,115200,96000,83.3,624000,300,15,1 tower per 2ha,Fyrfly Systems Ltd — www.fyrflysystems.com/cctv-tower.html
16,8,24,5,12,960,2400,14400,28800,172800,144000,83.3,624000,300,15,1 tower per 2ha,Fyrfly Systems Ltd — www.fyrflysystems.com/cctv-tower.html
16,8,24,5,26,960,2400,14400,62400,374400,312000,83.3,624000,300,15,1 tower per 2ha,Fyrfly Systems Ltd — www.fyrflysystems.com/cctv-tower.html
16,8,24,5,52,960,2400,14400,124800,748800,624000,83.3,624000,300,15,1 tower per 2ha,Fyrfly Systems Ltd — www.fyrflysystems.com/cctv-tower.html
16,8,24,6,4,1152,2400,17280,9600,69120,59520,86.1,773760,300,15,1 tower per 2ha,Fyrfly Systems Ltd — www.fyrflysystems.com/cctv-tower.html
16,8,24,6,8,1152,2400,17280,19200,138240,119040,86.1,773760,300,15,1 tower per 2ha,Fyrfly Systems Ltd — www.fyrflysystems.com/cctv-tower.html
16,8,24,6,12,1152,2400,17280,28800,207360,178560,86.1,773760,300,15,1 tower per 2ha,Fyrfly Systems Ltd — www.fyrflysystems.com/cctv-tower.html
16,8,24,6,26,1152,2400,17280,62400,449280,386880,86.1,773760,300,15,1 tower per 2ha,Fyrfly Systems Ltd — www.fyrflysystems.com/cctv-tower.html
16,8,24,6,52,1152,2400,17280,124800,898560,773760,86.1,773760,300,15,1 tower per 2ha,Fyrfly Systems Ltd — www.fyrflysystems.com/cctv-tower.html
16,8,24,7,4,1344,2400,20160,9600,80640,71040,88.1,923520,300,15,1 tower per 2ha,Fyrfly Systems Ltd — www.fyrflysystems.com/cctv-tower.html
16,8,24,7,8,1344,2400,20160,19200,161280,142080,88.1,923520,300,15,1 tower per 2ha,Fyrfly Systems Ltd — www.fyrflysystems.com/cctv-tower.html
16,8,24,7,12,1344,2400,20160,28800,241920,213120,88.1,923520,300,15,1 tower per 2ha,Fyrfly Systems Ltd — www.fyrflysystems.com/cctv-tower.html
16,8,24,7,26,1344,2400,20160,62400,524160,461760,88.1,923520,300,15,1 tower per 2ha,Fyrfly Systems Ltd — www.fyrflysystems.com/cctv-tower.html
16,8,24,7,52,1344,2400,20160,124800,1048320,923520,88.1,923520,300,15,1 tower per 2ha,Fyrfly Systems Ltd — www.fyrflysystems.com/cctv-tower.html
20,10,8,5,4,400,3000,6000,12000,24000,12000,50.0,156000,300,15,1 tower per 2ha,Fyrfly Systems Ltd — www.fyrflysystems.com/cctv-tower.html
20,10,8,5,8,400,3000,6000,24000,48000,24000,50.0,156000,300,15,1 tower per 2ha,Fyrfly Systems Ltd — www.fyrflysystems.com/cctv-tower.html
20,10,8,5,12,400,3000,6000,36000,72000,36000,50.0,156000,300,15,1 tower per 2ha,Fyrfly Systems Ltd — www.fyrflysystems.com/cctv-tower.html
20,10,8,5,26,400,3000,6000,78000,156000,78000,50.0,156000,300,15,1 tower per 2ha,Fyrfly Systems Ltd — www.fyrflysystems.com/cctv-tower.html
20,10,8,5,52,400,3000,6000,156000,312000,156000,50.0,156000,300,15,1 tower per 2ha,Fyrfly Systems Ltd — www.fyrflysystems.com/cctv-tower.html
20,10,8,6,4,480,3000,7200,12000,28800,16800,58.3,218400,300,15,1 tower per 2ha,Fyrfly Systems Ltd — www.fyrflysystems.com/cctv-tower.html
20,10,8,6,8,480,3000,7200,24000,57600,33600,58.3,218400,300,15,1 tower per 2ha,Fyrfly Systems Ltd — www.fyrflysystems.com/cctv-tower.html
20,10,8,6,12,480,3000,7200,36000,86400,50400,58.3,218400,300,15,1 tower per 2ha,Fyrfly Systems Ltd — www.fyrflysystems.com/cctv-tower.html
20,10,8,6,26,480,3000,7200,78000,187200,109200,58.3,218400,300,15,1 tower per 2ha,Fyrfly Systems Ltd — www.fyrflysystems.com/cctv-tower.html
20,10,8,6,52,480,3000,7200,156000,374400,218400,58.3,218400,300,15,1 tower per 2ha,Fyrfly Systems Ltd — www.fyrflysystems.com/cctv-tower.html
20,10,8,7,4,560,3000,8400,12000,33600,21600,64.3,280800,300,15,1 tower per 2ha,Fyrfly Systems Ltd — www.fyrflysystems.com/cctv-tower.html
20,10,8,7,8,560,3000,8400,24000,67200,43200,64.3,280800,300,15,1 tower per 2ha,Fyrfly Systems Ltd — www.fyrflysystems.com/cctv-tower.html
20,10,8,7,12,560,3000,8400,36000,100800,64800,64.3,280800,300,15,1 tower per 2ha,Fyrfly Systems Ltd — www.fyrflysystems.com/cctv-tower.html
20,10,8,7,26,560,3000,8400,78000,218400,140400,64.3,280800,300,15,1 tower per 2ha,Fyrfly Systems Ltd — www.fyrflysystems.com/cctv-tower.html
20,10,8,7,52,560,3000,8400,156000,436800,280800,64.3,280800,300,15,1 tower per 2ha,Fyrfly Systems Ltd — www.fyrflysystems.com/cctv-tower.html
20,10,12,5,4,600,3000,9000,12000,36000,24000,66.7,312000,300,15,1 tower per 2ha,Fyrfly Systems Ltd — www.fyrflysystems.com/cctv-tower.html
20,10,12,5,8,600,3000,9000,24000,72000,48000,66.7,312000,300,15,1 tower per 2ha,Fyrfly Systems Ltd — www.fyrflysystems.com/cctv-tower.html
20,10,12,5,12,600,3000,9000,36000,108000,72000,66.7,312000,300,15,1 tower per 2ha,Fyrfly Systems Ltd — www.fyrflysystems.com/cctv-tower.html
20,10,12,5,26,600,3000,9000,78000,234000,156000,66.7,312000,300,15,1 tower per 2ha,Fyrfly Systems Ltd — www.fyrflysystems.com/cctv-tower.html
20,10,12,5,52,600,3000,9000,156000,468000,312000,66.7,312000,300,15,1 tower per 2ha,Fyrfly Systems Ltd — www.fyrflysystems.com/cctv-tower.html
20,10,12,6,4,720,3000,10800,12000,43200,31200,72.2,405600,300,15,1 tower per 2ha,Fyrfly Systems Ltd — www.fyrflysystems.com/cctv-tower.html
20,10,12,6,8,720,3000,10800,24000,86400,62400,72.2,405600,300,15,1 tower per 2ha,Fyrfly Systems Ltd — www.fyrflysystems.com/cctv-tower.html
20,10,12,6,12,720,3000,10800,36000,129600,93600,72.2,405600,300,15,1 tower per 2ha,Fyrfly Systems Ltd — www.fyrflysystems.com/cctv-tower.html
20,10,12,6,26,720,3000,10800,78000,280800,202800,72.2,405600,300,15,1 tower per 2ha,Fyrfly Systems Ltd — www.fyrflysystems.com/cctv-tower.html
20,10,12,6,52,720,3000,10800,156000,561600,405600,72.2,405600,300,15,1 tower per 2ha,Fyrfly Systems Ltd — www.fyrflysystems.com/cctv-tower.html
20,10,12,7,4,840,3000,12600,12000,50400,38400,76.2,499200,300,15,1 tower per 2ha,Fyrfly Systems Ltd — www.fyrflysystems.com/cctv-tower.html
20,10,12,7,8,840,3000,12600,24000,100800,76800,76.2,499200,300,15,1 tower per 2ha,Fyrfly Systems Ltd — www.fyrflysystems.com/cctv-tower.html
20,10,12,7,12,840,3000,12600,36000,151200,115200,76.2,499200,300,15,1 tower per 2ha,Fyrfly Systems Ltd — www.fyrflysystems.com/cctv-tower.html
20,10,12,7,26,840,3000,12600,78000,327600,249600,76.2,499200,300,15,1 tower per 2ha,Fyrfly Systems Ltd — www.fyrflysystems.com/cctv-tower.html
20,10,12,7,52,840,3000,12600,156000,655200,499200,76.2,499200,300,15,1 tower per 2ha,Fyrfly Systems Ltd — www.fyrflysystems.com/cctv-tower.html
20,10,16,5,4,800,3000,12000,12000,48000,36000,75.0,468000,300,15,1 tower per 2ha,Fyrfly Systems Ltd — www.fyrflysystems.com/cctv-tower.html
20,10,16,5,8,800,3000,12000,24000,96000,72000,75.0,468000,300,15,1 tower per 2ha,Fyrfly Systems Ltd — www.fyrflysystems.com/cctv-tower.html
20,10,16,5,12,800,3000,12000,36000,144000,108000,75.0,468000,300,15,1 tower per 2ha,Fyrfly Systems Ltd — www.fyrflysystems.com/cctv-tower.html
20,10,16,5,26,800,3000,12000,78000,312000,234000,75.0,468000,300,15,1 tower per 2ha,Fyrfly Systems Ltd — www.fyrflysystems.com/cctv-tower.html
20,10,16,5,52,800,3000,12000,156000,624000,468000,75.0,468000,300,15,1 tower per 2ha,Fyrfly Systems Ltd — www.fyrflysystems.com/cctv-tower.html
20,10,16,6,4,960,3000,14400,12000,57600,45600,79.2,592800,300,15,1 tower per 2ha,Fyrfly Systems Ltd — www.fyrflysystems.com/cctv-tower.html
20,10,16,6,8,960,3000,14400,24000,115200,91200,79.2,592800,300,15,1 tower per 2ha,Fyrfly Systems Ltd — www.fyrflysystems.com/cctv-tower.html
20,10,16,6,12,960,3000,14400,36000,172800,136800,79.2,592800,300,15,1 tower per 2ha,Fyrfly Systems Ltd — www.fyrflysystems.com/cctv-tower.html
20,10,16,6,26,960,3000,14400,78000,374400,296400,79.2,592800,300,15,1 tower per 2ha,Fyrfly Systems Ltd — www.fyrflysystems.com/cctv-tower.html
20,10,16,6,52,960,3000,14400,156000,748800,592800,79.2,592800,300,15,1 tower per 2ha,Fyrfly Systems Ltd — www.fyrflysystems.com/cctv-tower.html
20,10,16,7,4,1120,3000,16800,12000,67200,55200,82.1,717600,300,15,1 tower per 2ha,Fyrfly Systems Ltd — www.fyrflysystems.com/cctv-tower.html
20,10,16,7,8,1120,3000,16800,24000,134400,110400,82.1,717600,300,15,1 tower per 2ha,Fyrfly Systems Ltd — www.fyrflysystems.com/cctv-tower.html
20,10,16,7,12,1120,3000,16800,36000,201600,165600,82.1,717600,300,15,1 tower per 2ha,Fyrfly Systems Ltd — www.fyrflysystems.com/cctv-tower.html
20,10,16,7,26,1120,3000,16800,78000,436800,358800,82.1,717600,300,15,1 tower per 2ha,Fyrfly Systems Ltd — www.fyrflysystems.com/cctv-tower.html
20,10,16,7,52,1120,3000,16800,156000,873600,717600,82.1,717600,300,15,1 tower per 2ha,Fyrfly Systems Ltd — www.fyrflysystems.com/cctv-tower.html
20,10,24,5,4,1200,3000,18000,12000,72000,60000,83.3,780000,300,15,1 tower per 2ha,Fyrfly Systems Ltd — www.fyrflysystems.com/cctv-tower.html
20,10,24,5,8,1200,3000,18000,24000,144000,120000,83.3,780000,300,15,1 tower per 2ha,Fyrfly Systems Ltd — www.fyrflysystems.com/cctv-tower.html
20,10,24,5,12,1200,3000,18000,36000,216000,180000,83.3,780000,300,15,1 tower per 2ha,Fyrfly Systems Ltd — www.fyrflysystems.com/cctv-tower.html
20,10,24,5,26,1200,3000,18000,78000,468000,390000,83.3,780000,300,15,1 tower per 2ha,Fyrfly Systems Ltd — www.fyrflysystems.com/cctv-tower.html
20,10,24,5,52,1200,3000,18000,156000,936000,780000,83.3,780000,300,15,1 tower per 2ha,Fyrfly Systems Ltd — www.fyrflysystems.com/cctv-tower.html
20,10,24,6,4,1440,3000,21600,12000,86400,74400,86.1,967200,300,15,1 tower per 2ha,Fyrfly Systems Ltd — www.fyrflysystems.com/cctv-tower.html
20,10,24,6,8,1440,3000,21600,24000,172800,148800,86.1,967200,300,15,1 tower per 2ha,Fyrfly Systems Ltd — www.fyrflysystems.com/cctv-tower.html
20,10,24,6,12,1440,3000,21600,36000,259200,223200,86.1,967200,300,15,1 tower per 2ha,Fyrfly Systems Ltd — www.fyrflysystems.com/cctv-tower.html
20,10,24,6,26,1440,3000,21600,78000,561600,483600,86.1,967200,300,15,1 tower per 2ha,Fyrfly Systems Ltd — www.fyrflysystems.com/cctv-tower.html
20,10,24,6,52,1440,3000,21600,156000,1123200,967200,86.1,967200,300,15,1 tower per 2ha,Fyrfly Systems Ltd — www.fyrflysystems.com/cctv-tower.html
20,10,24,7,4,1680,3000,25200,12000,100800,88800,88.1,1154400,300,15,1 tower per 2ha,Fyrfly Systems Ltd — www.fyrflysystems.com/cctv-tower.html
20,10,24,7,8,1680,3000,25200,24000,201600,177600,88.1,1154400,300,15,1 tower per 2ha,Fyrfly Systems Ltd — www.fyrflysystems.com/cctv-tower.html
20,10,24,7,12,1680,3000,25200,36000,302400,266400,88.1,1154400,300,15,1 tower per 2ha,Fyrfly Systems Ltd — www.fyrflysystems.com/cctv-tower.html
20,10,24,7,26,1680,3000,25200,78000,655200,577200,88.1,1154400,300,15,1 tower per 2ha,Fyrfly Systems Ltd — www.fyrflysystems.com/cctv-tower.html
20,10,24,7,52,1680,3000,25200,156000,1310400,1154400,88.1,1154400,300,15,1 tower per 2ha,Fyrfly Systems Ltd — www.fyrflysystems.com/cctv-tower.html
